[
    {
        "name": "gumlet/php-image-resize",
        "version": "1.9.2",
        "version_normalized": "1.9.2.0",
        "source": {
            "type": "git",
            "url": "https://github.com/gumlet/php-image-resize.git",
            "reference": "06339a9c1b167acd58173db226f57957a6617547"
        },
        "dist": {
            "type": "zip",
            "url": "https://api.github.com/repos/gumlet/php-image-resize/zipball/06339a9c1b167acd58173db226f57957a6617547",
            "reference": "06339a9c1b167acd58173db226f57957a6617547",
            "shasum": ""
        },
        "require": {
            "ext-fileinfo": "*",
            "ext-gd": "*",
            "php": ">=5.5.0"
        },
        "require-dev": {
            "apigen/apigen": "^4.1",
            "ext-exif": "*",
            "ext-gd": "*",
            "php-coveralls/php-coveralls": "^2.1",
            "phpunit/phpunit": "^4.8"
        },
        "suggest": {
            "ext-exif": "Auto-rotate jpeg files"
        },
        "time": "2019-01-01T13:53:00+00:00",
        "type": "library",
        "installation-source": "dist",
        "autoload": {
            "psr-4": {
                "Gumlet\\": "lib/"
            }
        },
        "notification-url": "https://packagist.org/downloads/",
        "license": [
            "MIT"
        ],
        "authors": [
            {
                "name": "Aditya Patadia",
                "homepage": "http://aditya.patadia.org/"
            }
        ],
        "description": "PHP class to re-size and scale images",
        "homepage": "https://github.com/gumlet/php-image-resize",
        "keywords": [
            "image",
            "php",
            "resize",
            "scale"
        ]
    }
]
